{
  "build.gradle.kts": 1776582915.489195,
  "settings.gradle.kts": 1776582913.606582,
  "app/build.gradle.kts": 1776620995.743706,
  "app/src/main/java/com/tarmac/MainActivity.kt": 1776620995.7459989,
  "app/src/main/java/com/tarmac/TarmacApplication.kt": 1776582944.8675244,
  "app/src/main/java/com/tarmac/MirrorActivity.kt": 1776620995.7462735,
  "app/src/main/java/com/tarmac/ui/StatusItemPresenter.kt": 1776582958.0541143,
  "app/src/main/java/com/tarmac/ui/MainFragment.kt": 1776582955.8985171,
  "app/src/main/java/com/tarmac/service/AirPlayJni.kt": 1776620995.747273,
  "app/src/main/java/com/tarmac/service/BonjourAdvertiser.kt": 1776620995.7475452,
  "app/src/main/java/com/tarmac/service/TarmacService.kt": 1776620995.7479541,
  "app/src/main/java/com/tarmac/media/VideoPipeline.kt": 1776620995.7469501,
  "app/src/main/java/com/tarmac/media/AudioPipeline.kt": 1776620995.7467046,
  "app/src/main/cpp/jni_bridge.cpp": 1776620995.7454963,
  "app/src/main/cpp/android_video_renderer.cpp": 1776620995.7451766,
  "app/src/main/cpp/android_audio_renderer.cpp": 1776620995.744802,
  "native/libairplay/uxplay.cpp": 1776583269.9246092,
  "native/libairplay/renderers/video_renderer.h": 1776583269.9239259,
  "native/libairplay/renderers/audio_renderer.c": 1776583269.9231336,
  "native/libairplay/renderers/mux_renderer.h": 1776583269.9235387,
  "native/libairplay/renderers/video_renderer.c": 1776583269.9237177,
  "native/libairplay/renderers/audio_renderer.h": 1776583269.923341,
  "native/libairplay/renderers/x_display_fix.h": 1776583269.9239924,
  "native/libairplay/renderers/mux_renderer.c": 1776583269.923446,
  "native/libairplay/lib/fairplay_playfair.c": 1776583269.9132369,
  "native/libairplay/lib/raop_rtp.c": 1776583269.9213607,
  "native/libairplay/lib/http_response.c": 1776583269.9143202,
  "native/libairplay/lib/utils.h": 1776583269.9228878,
  "native/libairplay/lib/srp.c": 1776583269.9221613,
  "native/libairplay/lib/httpd.h": 1776583269.9148297,
  "native/libairplay/lib/raop_rtp_mirror.c": 1776583269.921679,
  "native/libairplay/lib/compat.c": 1776583269.912134,
  "native/libairplay/lib/mirror_buffer.c": 1776583269.9167414,
  "native/libairplay/lib/raop_buffer.c": 1776583269.9203956,
  "native/libairplay/lib/byteutils.c": 1776583269.9119103,
  "native/libairplay/lib/netutils.h": 1776583269.9169767,
  "native/libairplay/lib/raop.h": 1776583269.920269,
  "native/libairplay/lib/pairing.c": 1776583269.917082,
  "native/libairplay/lib/airplay_video.h": 1776583269.9118164,
  "native/libairplay/lib/raop_ntp.h": 1776583269.9212267,
  "native/libairplay/lib/logger.c": 1776583269.9165728,
  "native/libairplay/lib/global.h": 1776583269.9134262,
  "native/libairplay/lib/http_request.c": 1776583269.9141328,
  "native/libairplay/lib/dnssd.c": 1776583269.9126248,
  "native/libairplay/lib/fcup_request.h": 1776583269.913336,
  "native/libairplay/lib/threads.h": 1776583269.9226885,
  "native/libairplay/lib/stream.h": 1776583269.9226189,
  "native/libairplay/lib/crypto.h": 1776583269.9125311,
  "native/libairplay/lib/raop_rtp_mirror.h": 1776583269.9219515,
  "native/libairplay/lib/httpd.c": 1776583269.9146318,
  "native/libairplay/lib/srp.h": 1776583269.922541,
  "native/libairplay/lib/sockets.h": 1776583269.9220293,
  "native/libairplay/lib/utils.c": 1776583269.9228177,
  "native/libairplay/lib/http_response.h": 1776583269.9144826,
  "native/libairplay/lib/dnssdint.h": 1776583269.9130502,
  "native/libairplay/lib/raop_rtp.h": 1776583269.9215338,
  "native/libairplay/lib/pairing.h": 1776583269.9173975,
  "native/libairplay/lib/raop.c": 1776583269.9199405,
  "native/libairplay/lib/byteutils.h": 1776583269.911987,
  "native/libairplay/lib/netutils.c": 1776583269.916911,
  "native/libairplay/lib/compat.h": 1776583269.9122148,
  "native/libairplay/lib/raop_buffer.h": 1776583269.9204876,
  "native/libairplay/lib/mirror_buffer.h": 1776583269.9168322,
  "native/libairplay/lib/raop_handlers.h": 1776583269.920669,
  "native/libairplay/lib/dnssd.h": 1776583269.9129565,
  "native/libairplay/lib/fairplay.h": 1776583269.9131258,
  "native/libairplay/lib/http_handlers.h": 1776583269.9136896,
  "native/libairplay/lib/http_request.h": 1776583269.9142213,
  "native/libairplay/lib/logger.h": 1776583269.9166424,
  "native/libairplay/lib/raop_ntp.c": 1776583269.9210124,
  "native/libairplay/lib/airplay_video.c": 1776583269.9115574,
  "native/libairplay/lib/crypto.c": 1776583269.9123068,
  "native/libairplay/lib/llhttp/api.c": 1776583269.915282,
  "native/libairplay/lib/llhttp/llhttp.h": 1776583269.9163132,
  "native/libairplay/lib/llhttp/http.c": 1776583269.9153607,
  "native/libairplay/lib/llhttp/llhttp.c": 1776583269.9159544,
  "native/libairplay/lib/playfair/playfair.h": 1776583269.9196382,
  "native/libairplay/lib/playfair/omg_hax.c": 1776583269.9182057,
  "native/libairplay/lib/playfair/hand_garble.c": 1776583269.9178498,
  "native/libairplay/lib/playfair/playfair.c": 1776583269.9195642,
  "native/libairplay/lib/playfair/sap_hash.c": 1776583269.9197176,
  "native/libairplay/lib/playfair/modified_md5.c": 1776583269.9181077,
  "native/libairplay/lib/playfair/omg_hax.h": 1776583269.9192188,
  "native/libairplay/Bluetooth_LE_beacon/dbus/uxplay-beacon.py": 1776583269.9077032,
  "native/libairplay/Bluetooth_LE_beacon/winrt/uxplay-beacon.py": 1776583269.908263,
  "README.md": 1776583029.1462495,
  "app/src/main/cpp/CMakeLists.txt": 1776620995.744377,
  "native/libairplay/CMakeLists.txt": 1776583269.9083474,
  "native/libairplay/README.html": 1776583269.9092278,
  "native/libairplay/README.md": 1776583269.910185,
  "native/libairplay/README.txt": 1776583269.9108975,
  "native/libairplay/renderers/CMakeLists.txt": 1776583269.923019,
  "native/libairplay/lib/CMakeLists.txt": 1776583269.9113865,
  "native/libairplay/lib/llhttp/CMakeLists.txt": 1776583269.914951,
  "native/libairplay/lib/playfair/LICENSE.md": 1776583269.9176407,
  "native/libairplay/lib/playfair/CMakeLists.txt": 1776583269.9175146
}